Test Case ID,Tên ca kiểm thử / Mục đích test,Phân loại kiểm thử,Tiền điều kiện,Các bước thực hiện,Dữ liệu kiểm thử cụ thể,Kết quả mong đợi,Mức độ ưu tiên
TC_UC08_001,Kiểm chứng tự động thành công khớp dữ liệu LinkedIn,Use Case Flow,Tại trang Chi tiết hồ sơ,"1. Nhấn nút ""Kiểm chứng""
2. Chờ worker quét hoàn tất","Hồ sơ: ""Nguyễn Văn An"", Email: an.nguyen@gmail.com",Quét thấy profile LinkedIn; thời gian khớp 100%; hiển thị Báo cáo an toàn,High
TC_UC08_002,Kiểm chứng đối chiếu thành công kỹ năng qua GitHub,Use Case Flow,Tại trang Chi tiết hồ sơ,"1. Nhấn nút ""Kiểm chứng""
2. Xem bảng đối chiếu kỹ năng",Email: dev.an@gmail.com,"Tìm thấy GitHub; xác nhận kho mã nguồn khớp kỹ năng Java, React trên CV",High
TC_UC08_003,Cảnh báo sai lệch thời gian công tác giữa CV và MXH,Business Logic,Tại trang Chi tiết hồ sơ,"1. Nhấn ""Kiểm chứng""
2. Kiểm tra phần đối chiếu kinh nghiệm",CV ghi 3 năm (2021-2024); LinkedIn ghi 1 năm (2023-2024),"Phát hiện lệch $\ge 3$ tháng; tự động gắn cờ cảnh báo đỏ ""Khai khống kinh nghiệm""",High
TC_UC08_004,Phát hiện trùng lặp thời gian làm 2 công ty toàn thời gian,Business Logic,Tại trang Chi tiết hồ sơ,"1. Nhấn ""Kiểm chứng""
2. Xem biểu đồ thời gian công tác",Công ty A: 2022-2024 (Full-time); Cty B: 2023-2024 (Full-time),Biểu đồ highlight vùng trùng lặp; cảnh báo rủi ro làm song song 2 công ty,High
TC_UC08_005,Thêm liên kết mạng xã hội thủ công bằng URL hợp lệ,Use Case Flow,Đang mở tab Nhập link thủ công,"1. Dán URL profile LinkedIn
2. Nhấn ""Xác thực link""",URL: https://www.linkedin.com/in/annguyen-dev,Tiếp nhận link; bóc tách thông tin profile; chuyển sang bước đối chiếu,Medium
TC_UC08_006,Thêm liên kết GitHub thủ công hợp lệ,Use Case Flow,Đang mở tab Nhập link thủ công,"1. Dán URL GitHub cá nhân
2. Nhấn ""Xác thực link""",URL: https://github.com/annguyen-coder,Tiếp nhận link; cào danh sách repositories và ngôn ngữ lập trình,Medium
TC_UC08_007,Không tìm thấy dấu vết số công khai của ứng viên,Use Case Flow,Ứng viên không có MXH công khai,"1. Nhấn nút ""Kiểm chứng""",Email: ong_ba_gia_khong_mxh@gmail.com,"Báo kết quả 5a: ""Không tìm thấy dấu vết số...""; cho phép Bỏ qua hoặc Thử lại",Medium
TC_UC08_008,Quét lại thành công với từ khóa tìm kiếm mở rộng,Use Case Flow,Lần 1 không tìm thấy kết quả,"1. Nhập nickname vào ô mở rộng
2. Nhấn ""Quét lại""","Từ khóa: ""An_Coder_HUST""",Tìm thấy tài khoản diễn đàn công nghệ; bổ sung dữ liệu vào báo cáo,Medium
TC_UC08_009,"Chuyên viên xác nhận ""Xác thực uy tín"" cho hồ sơ",Business Logic,Đã có báo cáo kiểm chứng an toàn,"1. Nhấn nút ""Xác thực uy tín"" (Mark Verified)","Hồ sơ hợp lệ, không có dấu hiệu gian lận","Trạng thái đổi thành ""Đã xác thực"" (tích xanh); lưu Audit Log",High
TC_UC08_010,"Chuyên viên xác nhận ""Gắn cờ rủi ro"" kèm ghi chú",Business Logic,Báo cáo phát hiện sai lệch,"1. Nhấn ""Gắn cờ rủi ro""
2. Nhập lý do
3. Xác nhận","Lý do: ""Sai lệch 2 năm kinh nghiệm thực tế""","Trạng thái đổi thành ""Có rủi ro"" (cờ đỏ); lưu lý do và ID chuyên viên vào CSDL",High
TC_UC08_011,Hồ sơ chỉ có Email mà không có Số điện thoại,Field Validation,Hồ sơ ứng viên chỉ có Email,"1. Nhấn nút ""Kiểm chứng""","Tên: ""Trần B"", Email: tranb@gmail.com, SĐT: """"",Vẫn kích hoạt kiểm chứng bình thường bằng khóa Email,High
TC_UC08_012,Hồ sơ chỉ có Số điện thoại mà không có Email,Field Validation,Hồ sơ ứng viên chỉ có SĐT,"1. Nhấn nút ""Kiểm chứng""","Tên: ""Lê C"", Email: """", SĐT: 0912345678",Vẫn kích hoạt kiểm chứng bình thường bằng khóa SĐT,High
TC_UC08_013,Hồ sơ thiếu cả Email và Số điện thoại (Ngoại lệ EX_03),Field Validation,Hồ sơ thiếu cả Email và SĐT,"1. Nhấn nút ""Kiểm chứng""","Tên: ""Phạm D"", Email: """", SĐT: """"","Chặn ngay tại giao diện; báo lỗi EX_03: ""Không đủ thông tin định danh...""; không khởi động worker",High
TC_UC08_014,Nhập URL thủ công không thuộc domain được hỗ trợ,Field Validation,Tab Nhập link thủ công,"1. Dán URL Facebook cá nhân
2. Nhấn Xác thực",URL: https://facebook.com/annguyen.profile,"Báo lỗi: ""Hệ thống chỉ hỗ trợ liên kết từ LinkedIn hoặc GitHub""",Medium
TC_UC08_015,Nhập URL thủ công sai cú pháp đường dẫn,Field Validation,Tab Nhập link thủ công,1. Dán chuỗi URL sai cú pháp,Chuỗi: htt://invalid_linkedin_url,Bắt lỗi định dạng; yêu cầu nhập URL hợp lệ bắt đầu bằng https://,Low
TC_UC08_016,Dán URL thủ công chứa tham số tracking rác (UTM),Field Validation,Tab Nhập link thủ công,1. Dán URL có tham số tracking rác,URL: https://linkedin.com/in/an?utm_source=share&utm_medium=ios,Tự động làm sạch URL (cắt bỏ phần ?utm_...); tiếp nhận đường dẫn gốc,Medium
TC_UC08_017,Chèn mã độc javascript vào ô nhập link thủ công,Security / Field,Tab Nhập link thủ công,1. Dán payload script vào ô URL,Payload: javascript:alert('XSS_Link'),Chặn tải link; báo lỗi giao thức URL không an toàn; khử mã độc,High
TC_UC08_018,Nhập URL thủ công độ dài biên trên tối đa (500 ký tự),Field Validation,Tab Nhập link thủ công,1. Dán URL hợp lệ dài đúng 500 ký tự,URL hợp lệ độ dài 500 ký tự,Tiếp nhận bình thường; gửi worker xử lý,Medium
TC_UC08_019,Nhập URL thủ công vượt quá biên trên (501 ký tự),Field Validation,Tab Nhập link thủ công,1. Dán URL dài 501 ký tự,URL dài 501 ký tự,"Báo lỗi: ""Độ dài đường dẫn không được vượt quá 500 ký tự""",Low
TC_UC08_020,Nhập từ khóa mở rộng chỉ có 1 ký tự (Dưới biên min),Field Validation,Ô nhập từ khóa mở rộng,"1. Nhập 1 ký tự
2. Nhấn Quét lại","Từ khóa: ""A""","Báo lỗi: ""Từ khóa tìm kiếm phải có tối thiểu 2 ký tự""",Low
TC_UC08_021,Nhập từ khóa mở rộng độ dài 2 ký tự (Hợp lệ tối thiểu),Field Validation,Ô nhập từ khóa mở rộng,"1. Nhập 2 ký tự
2. Nhấn Quét lại","Từ khóa: ""AI""","Tiếp nhận từ khóa; khởi động quét lại với từ khóa ""AI""",Medium
TC_UC08_022,Nhập từ khóa mở rộng độ dài 100 ký tự (Hợp lệ tối đa),Field Validation,Ô nhập từ khóa mở rộng,1. Nhập chuỗi 100 ký tự,Từ khóa độ dài 100 ký tự,Tiếp nhận hợp lệ; thực hiện tìm kiếm mở rộng,Medium
TC_UC08_023,Nhập từ khóa mở rộng vượt quá 100 ký tự (101 ký tự),Field Validation,Ô nhập từ khóa mở rộng,1. Nhập chuỗi 101 ký tự,Từ khóa dài 101 ký tự,Cắt bớt tại ký tự 100 hoặc báo lỗi vượt giới hạn độ dài,Low
TC_UC08_024,Chèn mã độc SQL Injection vào ô tìm kiếm mở rộng,Security / Field,Ô nhập từ khóa mở rộng,"1. Nhập payload SQLi
2. Bấm Quét lại","Payload: ' UNION SELECT 1, user(), version()--",Xử lý an toàn với Parameterized Query; không phát sinh lỗi cú pháp CSDL,High
TC_UC08_025,Xử lý ngoại lệ bị chặn bởi Captcha (Ngoại lệ EX_01),Exception Flow,Google kích hoạt Captcha chống bot,"1. Nhấn Kiểm chứng
2. Chờ phát hiện Captcha",Google/LinkedIn kích hoạt Captcha,"Tạm dừng worker; hiện popup: ""Hệ thống bị chặn bởi Captcha. Vui lòng xác thực thủ công""",High
TC_UC08_026,Chuyên viên giải Captcha thành công trên popup,Exception Flow,Đang hiển thị popup Captcha,1. Giải Captcha thành công trên popup,Hoàn thành xác thực Captcha,Worker tiếp tục tiến trình quét dữ liệu; hoàn tất báo cáo kiểm chứng,High
TC_UC08_027,Đóng popup Captcha mà không giải xác thực,Exception Flow,Đang hiển thị popup Captcha,"1. Nhấn nút ""Hủy / Đóng"" popup Captcha",Đóng popup xác thực,"Dừng quy trình kiểm chứng; đưa trạng thái về ""Chưa hoàn tất kiểm chứng""",Medium
TC_UC08_028,Xử lý timeout khi mạng bên ngoài phản hồi chậm (> 30s),Business Logic,Dịch vụ mạng ngoài phản hồi chậm > 30s,"1. Nhấn Kiểm chứng
2. Chờ phản hồi quá 30 giây",Thời gian xử lý: 32.0s,"Ngắt worker tại mốc 30s; báo lỗi EX_04: ""Quá thời gian phản hồi...""; cho phép thử lại",High
TC_UC08_029,Phản hồi worker ở cận trên thời gian cho phép (30.0s),Boundary / Flow,Mạng ngoài phản hồi đúng mốc biên,"1. Nhấn Kiểm chứng
2. Kết quả trả về đúng 30.0s",Thời gian xử lý: Đúng 30.0s,Tiếp nhận kết quả thành công; hiển thị báo cáo bình thường,High
TC_UC08_030,Mất kết nối Internet khi worker đang quét dữ liệu (EX_02),Exception Flow,Mất mạng đột ngột khi đang quét,1. Ngắt WiFi khi worker đang quét,Ngắt mạng Internet,"Báo lỗi EX_02: ""Lỗi kết nối. Vui lòng kiểm tra mạng và thử lại""; dừng an toàn",High
TC_UC08_031,Độ lệch thời gian công tác ở ngưỡng an toàn (Lệch 1 tháng),Business Logic,CV lệch 1 tháng so với LinkedIn,1. Kiểm tra báo cáo thời gian,"CV ghi kết thúc T5/2023, LinkedIn ghi T6/2023",Đánh giá ở mức chấp nhận được (xanh); giải thích sai số do cập nhật chậm,Medium
TC_UC08_032,Độ lệch thời gian công tác chạm ngưỡng cảnh báo (3 tháng),Business Logic,CV lệch đúng 3 tháng so với MXH,1. Kiểm tra báo cáo thời gian,"CV ghi kết thúc T3/2023, LinkedIn ghi T6/2023","Kích hoạt cảnh báo màu vàng: ""Thời gian công tác lệch 3 tháng, cần xác minh""",High
TC_UC08_033,Độ lệch thời gian công tác nghiêm trọng (> 6 tháng),Business Logic,CV lệch 8 tháng so với thực tế,1. Kiểm tra báo cáo thời gian,"CV ghi làm 2020-2023, LinkedIn ghi 2020-2022","Kích hoạt cảnh báo đỏ rủi ro cao: ""Sai lệch nghiêm trọng về thời gian kinh nghiệm""",High
TC_UC08_034,Kiểm tra bắt buộc nhập lý do khi Gắn cờ rủi ro,Business Logic,Tại popup Gắn cờ rủi ro,"1. Nhấn ""Gắn cờ rủi ro""
2. Để trống ô lý do
3. Nhấn Xác nhận","Lý do: """" (Rỗng)","Chặn xác nhận; viền đỏ ô lý do; yêu cầu: ""Vui lòng nhập lý do khi gắn cờ rủi ro""",High
TC_UC08_035,Ghi nhận đầy đủ thông tin Audit Log khi thẩm định,Business Logic,Thực hiện thẩm định hồ sơ,1. Chuyên viên xác nhận kiểm chứng,"Chuyên viên: USER_09, Thao tác: ""Mark Verified""","CSDL bảng AuditLogs ghi nhận đúng User ID, Action, Timestamp, IP Address",High
TC_UC08_036,"Kiểm tra nút ""Kiểm chứng lại"" cập nhật dữ liệu mới",Use Case Flow,Hồ sơ đã kiểm chứng trước đó,"1. Nhấn nút ""Kiểm chứng lại""",Chạy lại quy trình quét mới,Xóa cache kết quả cũ; quét lại toàn bộ dữ liệu mới nhất trên mạng,Medium
TC_UC08_037,"Nhấn nút ""Kiểm chứng"" liên tục nhiều lần chống spam",Business Logic,Tại trang Chi tiết hồ sơ,"1. Bấm liên tiếp 4 lần vào nút ""Kiểm chứng""",Thao tác spam click,Nút Kiểm chứng đổi sang disabled kèm hiệu ứng đang chạy; chỉ tạo đúng 1 job worker,High
TC_UC08_038,Kiểm tra bảo vệ quyền riêng tư (Không lưu cookie cá nhân),Security / Flow,Quá trình worker quét mạng xã hội,1. Phân tích gói tin request của worker,Quét các trang công khai,Worker không gửi kèm cookie đăng nhập cá nhân của chuyên viên; đảm bảo ẩn danh,High
